,Parameters,Final loss,Train time,NDCG,HR
0,"NeuMF_npt: batch_size=256 learning_rate=0.0001 layer_sizes=[32, 16, 8] n_factors=16",0.22566743195056915,2249.2746294000003,0.7744071160479877,0.7613997879109226
