,Parameters,Final loss,Train time,NDCG,HR
0,"NeuMF_npt: batch_size=256 learning_rate=0.0001 layer_sizes=[32, 16, 8] n_factors=16",0.22565677762031555,1473.1300311,0.7776498166579779,0.7815482502651113
