,Parameters,Final loss,Train time,NDCG,HR,Final Loss
0,"NeuMF_pt: batch_size=256 learning_rate=0.0001 layer_sizes=[32, 16, 8] n_factors=16",,1431.6753055999998,0.7578124347303318,0.7847295864262991,0.22129254043102264
