,Parameters,Final loss,Train time,NDCG,HR,Final Loss
0,"NeuMF_pt: batch_size=256 learning_rate=0.0001 layer_sizes=[32, 16, 8] n_factors=16",,1469.4463233000001,0.6758966147386762,0.6002120890774125,0.22924885153770447
