,Parameters,Final loss,Train time,NDCG,HR
0,"NeuMF_npt: batch_size=256 learning_rate=0.0001 layer_sizes=[32, 16, 8] n_factors=16",0.22672531008720398,1430.8497613,0.591137696400844,0.4602332979851538
