,Parameters,Final loss,Train time,NDCG,HR,Final Loss
0,"NeuMF_pt: batch_size=256 learning_rate=0.0001 layer_sizes=[32, 16, 8] n_factors=16",,1457.5891130000005,0.5909010993589912,0.45811240721102864,0.22168117761611938
